Type,Name,Request Count,Failure Count,Median Response Time,Average Response Time,Min Response Time,Max Response Time,Average Content Size,Requests/s,Failures/s,50%,66%,75%,80%,90%,95%,98%,99%,99.9%,99.99%,100%
POST,/auth/login,100,0,510,523.9665259997128,317.67930000205524,760.1697999925818,183.83,0.7985222811263709,0.0,510,580,610,630,710,750,750,760,760,760,760
GET,/concerts,1030,0,6,9.434547572672475,1.8210999987786636,212.78230000461917,179.0,8.22477949560162,0.0,6,7,9,9,18,27,49,73,210,210,210
GET,/concerts/{id},979,0,6,8.299931664700836,1.9079000048805028,216.99400000215974,177.0,7.8175331322271715,0.0,6,7,8,9,13,20,25,37,220,220,220
GET,/concerts/{id}/ticket-types,160,0,16,21.30762499937191,2.546899995650165,212.59760000975803,282.0625,1.2776356498021935,0.0,16,23,28,34,46,59,71,76,210,210,210
GET,/concerts?on_sale=true,958,0,6,8.183922546870505,1.8808000022545457,295.2263000042876,179.0,7.649843453190633,0.0,6,7,8,9,12,18,27,51,300,300,300
POST,/orders,129,0,20,41.55755116206742,4.200700001092628,241.53179999848362,100.24031007751938,1.0300937426530186,0.0,20,36,48,64,110,160,210,230,240,240,240
GET,/orders/me,6641,0,7,9.560456422179481,2.5194999907398596,452.9437000019243,121.74280981779853,53.02986468960229,0.0,7,9,10,11,15,22,29,37,220,450,450
DELETE,/orders/{id},10,0,11,13.507600000593811,6.837099994299933,33.399899999494664,110.1,0.07985222811263709,0.0,11,11,13,25,33,33,33,33,33,33,33
,Aggregated,10007,0,7,15.037101898568407,1.8210999987786636,760.1697999925818,141.41840711501948,79.90812467231594,0.0,7,9,10,11,17,26,59,320,710,750,760
