timestamp,elapsed_s,phase,users,ready_users
1791234409.6692138,0.0,warmup,20,0
1791234410.1754656,0.506,warmup,20,9
1791234410.6794446,1.01,warmup,40,20
1791234411.1808472,1.512,warmup,40,30
1791234411.6839592,2.015,warmup,60,40
1791234412.184294,2.515,warmup,60,51
1791234412.693309,3.024,warmup,80,60
1791234413.1962175,3.527,warmup,80,73
1791234413.7017117,4.033,warmup,100,80
1791234414.2018692,4.533,warmup,100,82
1791234414.7022605,5.034,steady,100,100
1791234415.204683,5.535,steady,100,100
1791234415.7171009,6.048,steady,100,100
1791234416.2288191,6.56,steady,100,100
1791234416.742895,7.074,steady,100,100
1791234417.244031,7.575,steady,100,100
1791234417.7465255,8.077,steady,100,100
1791234418.2475328,8.578,steady,100,100
1791234418.7510898,9.082,steady,100,100
1791234419.2527812,9.584,steady,100,100
1791234419.7646053,10.095,steady,100,100
1791234420.2684984,10.599,steady,100,100
1791234420.7693195,11.1,steady,100,100
1791234421.280076,11.611,steady,100,100
1791234421.7836957,12.114,steady,100,100
1791234422.294335,12.625,steady,100,100
1791234422.7971013,13.128,steady,100,100
1791234423.3080728,13.639,steady,100,100
1791234423.8167489,14.148,steady,100,100
1791234424.3196244,14.65,steady,100,100
1791234424.8357255,15.167,steady,100,100
1791234425.3365855,15.667,steady,100,100
1791234425.852743,16.184,steady,100,100
1791234426.353785,16.685,steady,100,100
1791234426.8583658,17.189,steady,100,100
1791234427.3683386,17.699,steady,100,100
1791234427.8693616,18.2,steady,100,100
1791234428.3836765,18.714,steady,100,100
1791234428.8848174,19.216,steady,100,100
1791234429.3853595,19.716,steady,100,100
1791234429.887399,20.218,steady,100,100
1791234430.3913991,20.722,steady,100,100
1791234430.9024389,21.233,steady,100,100
1791234431.4025757,21.733,steady,100,100
1791234431.9026482,22.233,steady,100,100
1791234432.4043136,22.735,steady,100,100
1791234432.9175756,23.248,steady,100,100
1791234433.419286,23.75,steady,100,100
1791234433.9229414,24.254,steady,100,100
1791234434.4357622,24.767,steady,100,100
1791234434.9526205,25.283,steady,100,100
1791234435.4525578,25.783,steady,100,100
1791234435.954379,26.285,steady,100,100
1791234436.4559307,26.787,steady,100,100
1791234436.9691753,27.3,steady,100,100
1791234437.4695194,27.8,steady,100,100
1791234437.9703045,28.301,steady,100,100
1791234438.4708834,28.802,steady,100,100
1791234438.9868882,29.318,steady,100,100
1791234439.486108,29.817,steady,100,100
1791234439.9873533,30.318,steady,100,100
1791234440.490315,30.821,steady,100,100
1791234441.0015035,31.332,steady,100,100
1791234441.5026176,31.833,steady,100,100
1791234442.0186331,32.349,steady,100,100
1791234442.5204525,32.851,steady,100,100
1791234443.022809,33.354,steady,100,100
1791234443.5225995,33.853,steady,100,100
1791234444.0223153,34.353,steady,100,100
1791234444.52285,34.854,steady,100,100
1791234445.0226314,35.353,steady,100,100
1791234445.5259671,35.857,steady,100,100
1791234446.027483,36.358,steady,100,100
1791234446.5286756,36.859,steady,100,100
1791234447.0297182,37.361,steady,100,100
1791234447.5373447,37.868,steady,100,100
1791234448.0436118,38.374,steady,100,100
1791234448.543655,38.874,steady,100,100
1791234449.0515604,39.382,steady,100,100
1791234449.552307,39.883,steady,100,100
1791234450.0541644,40.385,steady,100,100
1791234450.5543547,40.885,steady,100,100
1791234451.0556097,41.386,steady,100,100
1791234451.5582087,41.889,steady,100,100
1791234452.070838,42.402,steady,100,100
1791234452.5717828,42.903,steady,100,100
1791234453.0724225,43.403,steady,100,100
1791234453.586435,43.917,steady,100,100
1791234454.087019,44.418,steady,100,100
1791234454.5883982,44.919,steady,100,100
1791234455.1035383,45.434,steady,100,100
1791234455.6041946,45.935,steady,100,100
1791234456.109506,46.44,steady,100,100
1791234456.61961,46.95,steady,100,100
1791234457.1216366,47.452,steady,100,100
1791234457.6221263,47.953,steady,100,100
1791234458.1241076,48.455,steady,100,100
1791234458.6257956,48.957,steady,100,100
1791234459.1273022,49.458,steady,100,100
1791234459.6364243,49.967,steady,100,100
1791234460.1371946,50.468,steady,100,100
1791234460.6427054,50.973,steady,100,100
1791234461.1527512,51.484,steady,100,100
1791234461.6553836,51.986,steady,100,100
1791234462.1589687,52.49,steady,100,100
1791234462.6602488,52.991,steady,100,100
1791234463.168948,53.5,steady,100,100
1791234463.6701562,54.001,steady,100,100
1791234464.1855567,54.516,steady,100,100
1791234464.685473,55.016,steady,100,100
1791234465.1876118,55.518,steady,100,100
1791234465.6911297,56.022,steady,100,100
1791234466.1916423,56.522,steady,100,100
1791234466.7035406,57.034,steady,100,100
1791234467.2061305,57.537,steady,100,100
1791234467.7069952,58.038,steady,100,100
1791234468.2092533,58.54,steady,100,100
1791234468.7203114,59.051,steady,100,100
1791234469.2208774,59.552,steady,100,100
1791234469.7206829,60.051,steady,100,100
1791234470.2233214,60.554,steady,100,100
1791234470.7237604,61.055,steady,100,100
1791234471.226339,61.557,steady,100,100
1791234471.7267368,62.058,steady,100,100
1791234472.2357936,62.567,steady,100,100
1791234472.7371702,63.068,steady,100,100
1791234473.2377884,63.569,steady,100,100
1791234473.7374237,64.068,steady,100,100
1791234474.2376058,64.568,steady,100,100
1791234474.7379682,65.069,steady,100,100
1791234475.2376237,65.568,steady,100,100
1791234475.7379816,66.069,steady,100,100
1791234476.2386367,66.569,steady,100,100
1791234476.7546313,67.085,steady,100,100
1791234477.2707326,67.602,steady,100,100
1791234477.7711344,68.102,steady,100,100
1791234478.273078,68.604,steady,100,100
1791234478.787798,69.119,steady,100,100
1791234479.2887406,69.62,steady,100,100
1791234479.8045938,70.135,steady,100,100
1791234480.3058102,70.637,steady,100,100
1791234480.8067875,71.138,steady,100,100
1791234481.309262,71.64,steady,100,100
1791234481.8215156,72.152,steady,100,100
1791234482.322835,72.654,steady,100,100
1791234482.8365293,73.167,steady,100,100
1791234483.3388646,73.67,steady,100,100
1791234483.8411195,74.172,steady,100,100
1791234484.355143,74.686,steady,100,100
1791234484.86968,75.2,steady,100,100
1791234485.372089,75.703,steady,100,100
1791234485.8729382,76.204,steady,100,100
1791234486.3739188,76.705,steady,100,100
1791234486.8761384,77.207,steady,100,100
1791234487.3772948,77.708,steady,100,100
1791234487.8884406,78.219,steady,100,100
1791234488.391662,78.722,steady,100,100
1791234488.8945773,79.225,steady,100,100
1791234489.4047947,79.736,steady,100,100
1791234489.9054427,80.236,steady,100,100
1791234490.4057395,80.737,steady,100,100
1791234490.9053235,81.236,steady,100,100
1791234491.4083743,81.739,steady,100,100
1791234491.912526,82.243,steady,100,100
1791234492.4211736,82.752,steady,100,100
1791234492.922642,83.253,steady,100,100
1791234493.4368684,83.768,steady,100,100
1791234493.9378653,84.269,steady,100,100
1791234494.453086,84.784,steady,100,100
1791234494.954158,85.285,steady,100,100
1791234495.455201,85.786,steady,100,100
1791234495.9560766,86.287,steady,100,100
1791234496.4568422,86.788,steady,100,100
1791234496.9705684,87.301,steady,100,100
1791234497.471365,87.802,steady,100,100
1791234497.9723916,88.303,steady,100,100
1791234498.4737742,88.805,steady,100,100
1791234498.9890773,89.32,steady,100,100
1791234499.490622,89.821,steady,100,100
1791234499.9902635,90.321,steady,100,100
1791234500.4913435,90.822,steady,100,100
1791234500.9916291,91.322,steady,100,100
1791234501.5056944,91.836,steady,100,100
1791234502.006244,92.337,steady,100,100
1791234502.5067797,92.838,steady,100,100
1791234503.0228324,93.354,steady,100,100
1791234503.5227637,93.854,steady,100,100
1791234504.0225093,94.353,steady,100,100
1791234504.524815,94.856,steady,100,100
1791234505.0250502,95.356,steady,100,100
1791234505.5375693,95.868,steady,100,100
1791234506.0413702,96.372,steady,100,100
1791234506.5440261,96.875,steady,100,100
1791234507.047571,97.378,steady,100,100
1791234507.5547223,97.886,steady,100,100
1791234508.0562642,98.387,steady,100,100
1791234508.5677567,98.899,steady,100,100
1791234509.0689843,99.4,steady,100,100
1791234509.584783,99.916,steady,100,100
1791234510.086118,100.417,steady,100,100
1791234510.589953,100.921,steady,100,100
1791234511.0896535,101.42,steady,100,100
1791234511.592083,101.923,steady,100,100
1791234512.0953674,102.426,steady,100,100
1791234512.6013606,102.932,steady,100,100
1791234513.1034653,103.434,steady,100,100
1791234513.606226,103.937,steady,100,100
1791234514.1069248,104.438,steady,100,100
1791234514.6183705,104.949,steady,100,100
1791234515.1182005,105.449,steady,100,100
1791234515.6190085,105.95,steady,100,100
1791234516.1201644,106.451,steady,100,100
1791234516.635478,106.966,steady,100,100
1791234517.1375878,107.468,steady,100,100
1791234517.6416123,107.972,steady,100,100
1791234518.1521604,108.483,steady,100,100
1791234518.6526449,108.983,steady,100,100
1791234519.1671445,109.498,steady,100,100
1791234519.6702561,110.001,steady,100,100
1791234520.1709332,110.502,steady,100,100
1791234520.6713705,111.002,steady,100,100
1791234521.1739094,111.505,steady,100,100
1791234521.680075,112.011,steady,100,100
1791234522.1858487,112.517,steady,100,100
1791234522.6854887,113.016,steady,100,100
1791234523.1874166,113.518,steady,100,100
1791234523.7016022,114.032,steady,100,100
1791234524.2034912,114.534,steady,100,100
1791234524.7036881,115.034,steady,100,100
1791234525.2193406,115.55,steady,100,100
1791234525.7348351,116.066,steady,100,100
1791234526.2387009,116.569,steady,100,100
1791234526.7527523,117.084,steady,100,100
1791234527.2678394,117.599,steady,100,100
1791234527.7693717,118.1,steady,100,100
1791234528.2695599,118.6,steady,100,100
1791234528.7732103,119.104,steady,100,100
1791234529.2738402,119.605,steady,100,100
1791234529.7852376,120.116,steady,100,100
1791234530.2859232,120.617,steady,100,100
1791234530.786734,121.118,steady,100,100
1791234531.3029504,121.634,steady,100,100
1791234531.805848,122.137,steady,100,100
1791234532.3178377,122.649,steady,100,100
1791234532.8194423,123.15,steady,100,100
1791234533.3202531,123.651,steady,100,100
1791234533.8209362,124.152,steady,100,100
1791234534.3347032,124.665,steady,100,100
1791234534.8369362,125.168,steady,100,100
