elapsed_s,host_cpu_percent,api_cpu_percent,api_rss_mb,locust_cpu_percent,locust_rss_mb
0.01,16.4,0.0,4.07,0.0,2.11
1.01,15.8,0.0,4.07,3.1,4.07
2.01,43.1,0.0,4.07,0.0,4.07
3.01,41.8,0.0,4.07,0.0,4.07
4.01,49.3,0.0,4.07,0.0,4.07
5.02,46.5,0.0,4.07,0.0,4.07
6.02,46.0,0.0,4.07,0.0,4.07
7.03,26.2,0.0,4.07,0.0,4.07
8.03,25.0,0.0,4.07,0.0,4.07
9.03,18.4,0.0,4.07,0.0,4.07
10.04,17.7,0.0,4.07,0.0,4.07
11.04,14.8,0.0,4.07,0.0,4.07
12.04,18.2,0.0,4.07,0.0,4.07
13.04,17.3,0.0,4.07,0.0,4.07
14.04,19.5,0.0,4.07,0.0,4.07
15.04,18.7,0.0,4.07,0.0,4.07
16.04,18.8,0.0,4.07,0.0,4.07
17.04,13.3,0.0,4.07,0.0,4.07
18.04,10.3,0.0,4.07,0.0,4.07
19.05,12.4,0.0,4.07,0.0,4.07
20.05,14.6,0.0,4.07,0.0,4.07
21.05,14.7,0.0,4.07,0.0,4.07
22.05,15.6,0.0,4.07,0.0,4.07
23.05,15.1,0.0,4.07,0.0,4.07
24.05,11.8,0.0,4.07,0.0,4.07
25.05,12.5,0.0,4.07,0.0,4.07
26.05,15.7,0.0,4.07,0.0,4.07
27.06,12.6,0.0,4.07,0.0,4.07
28.06,14.7,0.0,4.07,0.0,4.07
29.06,12.1,0.0,4.06,0.0,4.07
30.06,11.1,0.0,4.06,0.0,4.06
31.06,12.7,0.0,4.06,0.0,4.06
32.06,13.8,0.0,4.06,0.0,4.06
33.06,12.3,0.0,4.06,0.0,4.06
34.06,11.3,0.0,4.06,0.0,4.06
35.06,12.1,0.0,4.06,0.0,4.06
36.06,11.8,0.0,4.06,0.0,4.06
37.06,11.9,0.0,4.06,0.0,4.06
38.07,10.4,0.0,4.06,0.0,4.06
39.07,10.8,0.0,4.06,0.0,4.06
40.07,11.8,0.0,4.06,0.0,4.06
41.07,10.9,0.0,4.06,0.0,4.06
42.07,11.6,0.0,4.06,0.0,4.06
43.07,10.8,0.0,4.06,0.0,4.06
44.07,12.8,0.0,4.06,0.0,4.06
45.08,11.6,0.0,4.06,0.0,4.06
46.08,11.3,0.0,4.06,0.0,4.06
47.08,13.0,0.0,4.06,0.0,4.06
48.08,11.5,0.0,4.06,0.0,4.06
49.08,13.3,0.0,4.06,0.0,4.06
50.08,11.4,0.0,4.06,0.0,4.06
51.08,11.5,0.0,4.06,0.0,4.06
52.08,15.6,0.0,4.06,0.0,4.06
53.08,11.4,0.0,4.06,0.0,4.06
54.09,13.2,0.0,4.06,0.0,4.06
55.09,14.1,0.0,4.06,0.0,4.06
56.09,13.1,0.0,4.06,0.0,4.06
57.09,11.7,0.0,4.06,0.0,4.06
58.1,11.6,0.0,4.06,0.0,4.06
59.1,10.4,0.0,4.06,0.0,4.06
60.1,10.7,0.0,4.06,0.0,4.06
61.1,11.1,0.0,4.06,0.0,4.06
62.1,12.4,0.0,4.06,0.0,4.06
63.1,11.1,0.0,4.06,0.0,4.06
64.1,17.1,0.0,4.06,0.0,4.06
65.1,13.3,0.0,4.06,0.0,4.06
66.1,10.3,0.0,4.06,0.0,4.06
67.11,10.2,0.0,4.06,0.0,4.06
68.11,11.5,0.0,4.06,0.0,4.06
69.11,12.2,0.0,4.06,0.0,4.06
70.11,11.7,0.0,4.06,0.0,4.06
71.11,8.9,0.0,4.06,0.0,4.06
72.11,12.4,0.0,4.06,0.0,4.06
73.11,10.5,0.0,4.06,0.0,4.06
74.11,14.1,0.0,4.06,0.0,4.06
75.11,11.5,0.0,4.06,0.0,4.06
76.11,12.1,0.0,4.06,0.0,4.06
77.11,13.8,0.0,4.06,0.0,4.06
78.12,11.6,0.0,4.06,0.0,4.06
79.12,12.4,0.0,4.06,0.0,4.06
80.12,9.4,0.0,4.06,0.0,4.06
81.12,9.6,0.0,4.06,0.0,4.06
82.12,10.8,0.0,4.06,0.0,4.06
83.12,10.6,0.0,4.06,0.0,4.06
84.12,17.4,0.0,4.06,0.0,4.06
85.13,12.1,0.0,4.06,0.0,4.06
86.13,15.7,0.0,4.06,0.0,4.06
87.13,14.0,0.0,4.06,0.0,4.06
88.13,10.9,0.0,4.06,0.0,4.06
89.13,14.8,0.0,4.06,0.0,4.06
90.13,17.1,0.0,4.06,0.0,4.06
91.13,12.4,0.0,4.06,0.0,4.06
92.13,10.6,0.0,4.06,0.0,4.06
93.13,11.2,0.0,4.06,0.0,4.06
94.13,12.7,0.0,4.06,0.0,4.06
95.13,14.3,0.0,4.06,0.0,4.06
96.13,12.0,0.0,4.06,0.0,4.06
97.14,13.7,0.0,4.06,0.0,4.06
98.14,11.5,0.0,4.06,0.0,4.06
99.14,12.0,0.0,4.06,0.0,4.06
100.14,11.4,0.0,4.06,0.0,4.06
101.14,9.0,0.0,4.06,0.0,4.06
102.14,12.4,0.0,4.06,0.0,4.06
103.14,9.9,0.0,4.06,0.0,4.06
104.14,12.5,0.0,4.06,0.0,4.06
105.14,13.2,0.0,4.06,0.0,4.06
106.14,11.2,0.0,4.06,0.0,4.06
107.14,11.9,0.0,4.06,0.0,4.06
108.14,12.4,0.0,4.06,0.0,4.06
109.15,9.7,0.0,4.06,0.0,4.06
110.15,13.2,0.0,4.06,0.0,4.06
111.15,12.9,0.0,4.06,0.0,4.06
112.15,14.0,0.0,4.06,0.0,4.06
113.15,12.0,0.0,4.06,0.0,4.06
114.15,10.8,0.0,4.06,0.0,4.06
115.15,13.6,0.0,4.06,0.0,4.06
116.15,8.5,0.0,4.06,0.0,4.06
117.15,12.0,0.0,4.06,0.0,4.06
118.16,12.0,0.0,4.06,0.0,4.06
119.16,13.9,0.0,4.06,0.0,4.06
120.16,11.3,0.0,4.06,0.0,4.06
121.16,13.0,0.0,4.06,0.0,4.06
122.16,11.0,0.0,4.06,0.0,4.06
123.16,7.7,0.0,4.06,0.0,4.06
124.16,18.1,0.0,4.06,0.0,4.06
125.16,13.0,0.0,4.06,0.0,4.06
126.16,12.4,0.0,4.06,0.0,4.06
